Title,Price,Link
Smart Android ტელევიზორი UDTV 32W5210 32 inch (81 სმ),"
      379 ლარი
      
",//isurve.ge/cdn/shop/products/1-min_bc784b71-903a-4bea-be9a-45c1ceee227c_50x50.jpg?v=1661008551
Smart Android 4K ტელევიზორი UDTV 43U6210 43 inch (109 სმ),"
      679 ლარი
      
",//isurve.ge/cdn/shop/products/1-min_9e7a88b6-1250-49bb-9c37-76b2b52a2d7e_50x50.jpg?v=1667039995
Smart Android ტელევიზორი UDTV 40F5210 40 inch (101 სმ),"
      549 ლარი
      
",//isurve.ge/cdn/shop/products/1-min_46c53035-1233-4c00-867c-7b3579989198_50x50.jpg?v=1661009196
ტელევიზორი ColorView 32GF 32 inch (81 სმ),"
      329 ლარი
      
",//isurve.ge/cdn/shop/files/1-min_e2c8afb7-abbb-4e7c-96fa-a32947323297_50x50.jpg?v=1686577881
Smart Android 4K ტელევიზორი UDTV 50U6210 50 inch (127 სმ),899 ლარი,//isurve.ge/cdn/shop/products/1-min_47a9380c-6d3a-4afe-ba66-6f9a50211051_50x50.jpg?v=1667311570
Smart Android ტელევიზორი TCL 32S5400AF 32 inch (81 სმ),"
      419 ლარი
      
",//isurve.ge/cdn/shop/files/1-min_931d4ca9-20f7-43b7-b053-8a355cf797ca_50x50.jpg?v=1701348467
Smart Android ტელევიზორი HAIER LE32K6600SG 32 inch (81 სმ),"
      419 ლარი
      
",//isurve.ge/cdn/shop/products/1-min_21ac05a0-ccf0-4bc2-aa81-0f4f3a860030_50x50.jpg?v=1696487781
Smart 4k ტელევიზორი Samsung UE43CU7100UXRU 43 inch (109სმ),"1,249 ლარი",//isurve.ge/cdn/shop/files/1-min_a1f8229a-3e16-4a02-b842-c7287b1f6ea3_50x50.jpg?v=1686590622
ტელევიზორი Franko 32 inch (81 სმ) FTV-32N4000,"
      299 ლარი
      
",//isurve.ge/cdn/shop/products/1-min_2e29cb3a-7420-415d-8200-55546d95e638_50x50.jpg?v=1663081092
Smart Android 4K ტელევიზორი HAIER LE43K6600U 43 inch (109 სმ),"
      709 ლარი
      
",//isurve.ge/cdn/shop/products/1-min_474f1686-a48a-4bfc-9188-5a461dd7498e_50x50.jpg?v=1696487559
Smart Android 4K ტელევიზორი UDTV 55U6210 55 inch (140 სმ),999 ლარი,//isurve.ge/cdn/shop/files/1-min_11c8af86-e381-4347-a4df-c76dc3ad6fdb_50x50.jpg?v=1683903401
Smart Android ტელევიზორი Franko 32 inch (81 სმ) FTV-32SH1300,"
      399 ლარი
      
",//isurve.ge/cdn/shop/files/1-min_44f26356-8e1f-4dde-89b3-7dad9a493ec4_50x50.jpg?v=1714203444
Smart 4K Android ტელევიზორი TCL 50P635/R51APSD-EU 50 inch (127 სმ),999 ლარი,//isurve.ge/cdn/shop/files/1-min_306b6e25-0c44-473f-ad45-ce1b1296f0c4_50x50.jpg?v=1686587053
Smart 4K Android ტელევიზორი Franko 50 inch (128 სმ) FTV-50SU1100,"
      799 ლარი
      
",//isurve.ge/cdn/shop/products/1-min_81eb3610-bb9c-484c-afd9-227f9f6f8437_50x50.jpg?v=1663083560
ტელევიზორი VOX 24DSQD1B 24 inch (61სმ),"
      319 ლარი
      
",//isurve.ge/cdn/shop/products/1-min_4f035223-b019-44fa-ba5b-223cccb08e93_50x50.jpg?v=1657552817
ტელევიზორი HAIER LE32F6000S 32 inch (81 სმ),"
      309 ლარი
      
",//isurve.ge/cdn/shop/products/1-min_0a31b256-782b-4775-89fe-67cf1caaa665_50x50.jpg?v=1696487248
Smart Android ტელევიზორი TCL 40S5400A 40 inch (102 სმ),"
      619 ლარი
      
",//isurve.ge/cdn/shop/files/1-min_9d1641e8-7629-4455-97a5-e04a07e1caa7_50x50.jpg?v=1693815286
Smart Android ტელევიზორი KIVI 32H740LB 32 inch (80 სმ),399 ლარი,//isurve.ge/cdn/shop/products/1-min_77e669db-0511-4fa2-8aff-2b460c0dff51_50x50.jpg?v=1680937390
Smart Android 4K ტელევიზორი VOX 50ADWD1B 50 inch (127სმ),"
      1,049 ლარი
      
",//isurve.ge/cdn/shop/products/1-min_ea6dc2e4-8a0f-4e3b-94d3-a9cf7dac03b4_50x50.jpg?v=1644585588
ტელევიზორი UDTV 43F4210 43 inch (109 სმ),"
      439 ლარი
      
",//isurve.ge/cdn/shop/files/9df98d9f8f8d9-min_50x50.jpg?v=1715346495
Smart 4K ტელევიზორი TCL 50P745 50 inch (127 სმ),"
      1,099 ლარი
      
",//isurve.ge/cdn/shop/files/1-min_65627606-5c0c-4a17-b5c7-8aa759e281ae_50x50.jpg?v=1692779911
Smart ტელევიზორი Sunny 32 SN32DIL540/0276 32 inch (81 სმ),"
      369 ლარი
      
",//isurve.ge/cdn/shop/files/1-min_391e856e-967b-414f-973f-e3bf1fb45439_50x50.jpg?v=1696853345
Smart Android ტელევიზორი Vestel 32H9550T 32 inch (81 სმ),579 ლარი,//isurve.ge/cdn/shop/files/13-min_4220c1b3-627f-42f9-8dd3-0c8ed88c6565_50x50.jpg?v=1702557084
Smart Android 4K ტელევიზორი Onvo OV50350 50 inch (127სმ),"
      849 ლარი
      
",//isurve.ge/cdn/shop/products/1-min_e131b41f-d065-453e-8fb0-2ad4b3a89435_50x50.jpg?v=1678358289
Smart ტელევიზორი LG 32LQ630B6LA 32 inch (81 სმ),"
      649 ლარი
      
",//isurve.ge/cdn/shop/products/76_50x50.jpg?v=1681992657
Smart 4K ტელევიზორი SAMSUNG UE50CU7100UXRU 50 inch (127 სმ),"1,599 ლარი",//isurve.ge/cdn/shop/files/1-min_f324084f-7312-4644-8a7b-1d05949f8f95_50x50.jpg?v=1689945579
Smart Android ტელევიზორი TCL 40S5400 40 inch (102 სმ),"
      669 ლარი
      
",//isurve.ge/cdn/shop/files/1-min_baabe96c-08ca-4185-ada3-ce9cb22a9183_50x50.jpg?v=1701349357
Smart Android 4K ტელევიზორი TCL 55C645 QLED 55 inch (139 სმ),"
      1,499 ლარი
      
",//isurve.ge/cdn/shop/files/11-min_0fe5ca3b-8d98-4260-84f2-e3b57948d23f_50x50.jpg?v=1693867562
Smart 4K ტელევიზორი TCL 55P745 55 inch (140 სმ),"
      1,199 ლარი
      
",//isurve.ge/cdn/shop/files/1-min_95126701-e756-442d-a5ab-fbcd1e7be518_50x50.jpg?v=1690462415
4K Smart Android ტელევიზორი Nordmende NM65350 65 inch (165სმ),"
      1,599 ლარი
      
",//isurve.ge/cdn/shop/products/1-min_a65e5f94-590f-447d-be39-2ef5ec2d7e31_50x50.jpg?v=1693928683
Smart 4K ტელევიზორი HYUNDAI 65HY9909WEBOS 65 inch (165 სმ),"2,998 ლარი",//isurve.ge/cdn/shop/products/2-min_0040e0ca-a4c7-45ec-87d8-e161a7e3ccd2_50x50.jpg?v=1699033298
Smart 4K ტელევიზორი TCL 43C645 43 inch (109 სმ),"
      949 ლარი
      
",//isurve.ge/cdn/shop/files/1-min_e3b7ee8d-3fb1-4c32-8a23-5850598a919c_50x50.jpg?v=1692783312
Smart Android ტელევიზორი Vestel 40F9550 40 inch (102 სმ),769 ლარი,//isurve.ge/cdn/shop/files/11-min_5c1069fb-4d0b-43ec-9bb8-c536295a869c_50x50.jpg?v=1702475121
Smart Android 4K ტელევიზორი VOX 50A11U314B 50 inch (127სმ),"
      899 ლარი
      
",//isurve.ge/cdn/shop/products/1-min_039a93dd-edbe-4a13-9257-6eaf3dbdf3c9_50x50.jpg?v=1673273700
Smart 4k android ტელევიზორი JVC LT-55N775 55 inch (140 სმ),"
      1,399 ლარი
      
",//isurve.ge/cdn/shop/products/1-min_55adeac5-f12c-4b32-bf33-603d46f4b1c9_50x50.jpg?v=1595396720
Smart ტელევიზორი Sunny 43 SN43DIL540/0276 43 inch (109 სმ),"
      549 ლარი
      
",//isurve.ge/cdn/shop/files/1-min_3042333b-eb1e-4ee4-bf35-e36636aebd72_50x50.jpg?v=1696856753
Smart Android ტელევიზორი Franko 43 inch (109 სმ) FTV-43SF1300,"
      649 ლარი
      
",//isurve.ge/cdn/shop/files/1-min_c370865a-1ecb-4f90-9125-a1689136e55a_50x50.jpg?v=1714203956
ტელევიზორი UDTV 32DW5210 32 inch (81 სმ),"
      339 ლარი
      
",//isurve.ge/cdn/shop/files/1-min_ac91815f-2cc9-487f-bf51-b16e3da9754b_50x50.jpg?v=1707468817
4K Smart Android ტელევიზორი 2E 55A06L 55 inch (140სმ),"
      957 ლარი
      
",//isurve.ge/cdn/shop/files/1-min_69dc098c-9486-4ac4-99a9-36c0510877bd_50x50.jpg?v=1683632609
Smart ტელევიზორი TCL 43S5400A 43 inch (108 სმ),"
      699 ლარი
      
",//isurve.ge/cdn/shop/files/1-min_d464ca5e-76d8-46fc-a0c3-b6c101e28e1f_50x50.jpg?v=1693815758
Smart 4K ტელევიზორი HYUNDAI 43HY9909WOS 43 inch (109 სმ),"
      1,099 ლარი
      
",//isurve.ge/cdn/shop/products/1-min_d2346bce-7b96-4c0a-a499-352cd4012b6f_50x50.jpg?v=1675780581
Smart ტელევიზორი LG 32LQ63006LA 32 inch (81 სმ),799 ლარი,//isurve.ge/cdn/shop/files/1-min_e88fb9dc-4d73-42d5-bc8c-7b02f55540e9_50x50.jpg?v=1715356928
ტელევიზორი BBS 32BS8000 32 inch (81 სმ),349 ლარი,//isurve.ge/cdn/shop/files/1-min_052f0a19-feb1-4bef-bdc3-16cb06066192_50x50.jpg?v=1683379761
Smart Android 4k ტელევიზორი Grundig 55 GGU 7900B 55 inch (139სმ),"
      1,449 ლარი
      
",//isurve.ge/cdn/shop/files/11-min_21_7ab038c1-42fb-4aeb-8a22-5fc6dbb59cfa_50x50.jpg?v=1707735586
Smart Android 4k ტელევიზორი Philips 43PUS8007/12 43 inch (109 სმ),"
      1,349 ლარი
      
",//isurve.ge/cdn/shop/files/1-min_0fc30a76-777b-4a56-a909-3506a0b47ba1_50x50.jpg?v=1702902501
Smart 4K ტელევიზორი SAMSUNG QE65QN85CAUXRU 65 inch (165 სმ),"
      5,299 ლარი
      
",//isurve.ge/cdn/shop/files/1-min_486ca14d-5a37-4d31-a19e-0e09ce51fd71_50x50.jpg?v=1690370810
ტელევიზორი VOX 32CBH100B 32 inch (81სმ),"
      319 ლარი
      
",//isurve.ge/cdn/shop/files/1-min_f9776ede-c086-4ba2-93cf-d57aff4d7699_50x50.jpg?v=1696690959
Smart ტელევიზორი BEKO B32M C 685 A 32 inch (81სმ),"
      599 ლარი
      
",//isurve.ge/cdn/shop/files/1-min_ecb21a9f-456d-49a3-b9bb-aa2c080f0017_50x50.jpg?v=1692363072
Smart 4K Android ტელევიზორი Vox 55A11U314B 55 inch (140 სმ),"
      1,049 ლარი
      
",//isurve.ge/cdn/shop/files/1-min_de470fc1-6430-4738-b3d0-786f65d80f2b_50x50.jpg?v=1685807175
4K Smart ტელევიზორი 2E 65A06LW 65 inch (165სმ),"
      1,419 ლარი
      
",//isurve.ge/cdn/shop/files/1-min_bc5cb80e-e056-482a-adc4-0c977ee1fefc_50x50.jpg?v=1683730083
Smart Android 4K ტელევიზორი Vestel 65U9550T 65 inch (165 სმ),"1,884 ლარი",//isurve.ge/cdn/shop/files/NewProject_1_-min_15e9d1f0-6366-43ab-94cb-ae6babca2ac7_50x50.jpg?v=1688825038
Smart Android 4K ტელევიზორი Beko B50M D 790 B 50 inch (126სმ),"
      949 ლარი
      
",//isurve.ge/cdn/shop/files/1-min_c3cc9d87-eedf-4aa0-b3fd-c758194ade1b_50x50.jpg?v=1705065956
Smart 4K Android ტელევიზორი Panasonic TX-43MX700E 43 inch (109 სმ),"1,269 ლარი",//isurve.ge/cdn/shop/files/4-min_2098d452-bc66-446a-abe2-f21c49822194_50x50.jpg?v=1713804001
Smart 4K ტელევიზორი SAMSUNG QE55Q60CAUXRU 55 inch (139 სმ),"
      2,599 ლარი
      
",//isurve.ge/cdn/shop/files/5-min_fa601fb8-4525-4ebe-8e53-6ef80645dc51_50x50.jpg?v=1689933786
Smart Android 4k ტელევიზორი Beko B43M D 895 A 43 inch (108სმ),"
      999 ლარი
      
",//isurve.ge/cdn/shop/files/11-min_5e84fcad-6eee-4efa-b3cb-041b54fa4bf4_50x50.jpg?v=1700901205
Smart Android ტელევიზორი TCL 43S5400 43 inch (108 სმ),749 ლარი,//isurve.ge/cdn/shop/files/1-min_72017237-7f13-47f6-bd7b-92f435bc0eac_50x50.jpg?v=1701416473
Smart 4K ტელევიზორი TCL 43P745 43 inch (109 სმ),"
      849 ლარი
      
",//isurve.ge/cdn/shop/files/1-min_e2b6300e-f1fa-4c07-97e2-abc0c1b70289_50x50.jpg?v=1692779552
Smart 4K Android ტელევიზორი TCL 50C645 QLED 50 inch (127სმ),"
      1,149 ლარი
      
",//isurve.ge/cdn/shop/files/1-min_bfac5167-e18d-439e-a2cc-3f2a9a1ec9df_50x50.jpg?v=1701421116
Smart 4K Android ტელევიზორი Sony KD-55X81KRU3 55 inch (140 სმ),"2,049 ლარი",//isurve.ge/cdn/shop/files/1-min_62c3965d-f35f-40ab-a873-77c92b2d437b_50x50.jpg?v=1716535049
Smart 4K Android ტელევიზორი Sony KD-65X81JR 65 inch (165 სმ),"
      2,199 ლარი
      
",//isurve.ge/cdn/shop/files/1-min_0d5d72ab-f7bb-4ca1-a74c-583d4e44a5a3_50x50.jpg?v=1716027723
Smart 4K ტელევიზორი SAMSUNG QE55S90CAUXRU 55 inch (139 სმ),"
      4,199 ლარი
      
",//isurve.ge/cdn/shop/files/1-min_0f656015-02a6-4bca-a102-f961674e13cf_50x50.jpg?v=1690360976
Smart 4K Android ტელევიზორი TCL 55C745/M653G1S-EU/GE  55 inch (139 სმ),"
      1,599 ლარი
      
",//isurve.ge/cdn/shop/files/1-min_8b4df30f-51b2-4053-b097-46e1dd4980f1_50x50.jpg?v=1716028881
Smart 4K Android ტელევიზორი Sony KD-55X81JR 55 inch (140 სმ),"
      1,749 ლარი
      
",//isurve.ge/cdn/shop/files/1-min_15fadc9c-db4c-4ec0-ad37-b7bae2664b07_50x50.jpg?v=1716027032
ტელევიზორი TCL 32D3400 32 inch (81 სმ),"
      359 ლარი
      
",//isurve.ge/cdn/shop/files/1-min_f0f841f0-7a96-4f7a-ba73-154187e88e02_50x50.jpg?v=1715354841
Smart 4K ტელევიზორი SAMSUNG QE65S95CAUXRU 65 inch (165 სმ),"
      6,999 ლარი
      
",//isurve.ge/cdn/shop/files/1-min_9478671d-9903-4df8-94a7-34dd723acfd8_50x50.jpg?v=1690359474
Smart 4K Android ტელევიზორი Panasonic TX-55MX700E 55 inch (139 სმ),"
      1,599 ლარი
      
",//isurve.ge/cdn/shop/files/1-min_d3bcd8db-30b8-45d7-984b-8aa47e4100a0_50x50.jpg?v=1713859386
"Smart 4K Android ტელევიზორი Xiaomi TV A2 43"" (109სმ)",859 ლარი,//isurve.ge/cdn/shop/files/1-min_96_6e7827c6-0397-4b56-9aeb-07b44b164130_50x50.jpg?v=1709382907
Smart 4K ტელევიზორი SAMSUNG QE65Q60CAUXRU 65 inch (165 სმ),"
      3,799 ლარი
      
",//isurve.ge/cdn/shop/files/5-min_4484a437-2e7b-490f-8225-b7cc9ee3cebd_50x50.jpg?v=1689935008
მონიტორი Xiaomi Mi Monitor 1C FHD 23.8’’ (BHR4510GL),339 ლარი,//isurve.ge/cdn/shop/products/1-min_511f7804-21f0-4d15-8bdd-24bdd5db905d_50x50.jpg?v=1675688081
Smart 4k ტელევიზორი Philips 65PUS8518/12 65 inch (165 სმ),"
      3,439 ლარი
      
",//isurve.ge/cdn/shop/files/7-min_a3abdeff-6483-4d1a-9f97-fbd8bad8904c_50x50.jpg?v=1712921272
Smart 4k ტელევიზორი Philips 85PUS8818/12 85 inch (216 სმ),"
      7,199 ლარი
      
",//isurve.ge/cdn/shop/files/1-min-2024-04-12T141119.838_bff4003b-132d-41c1-aaf8-6e9c69289227_50x50.jpg?v=1712918731
Smart 4k ტელევიზორი Philips 75PUS8818/12 75 inch (190 სმ),"
      4,839 ლარი
      
",//isurve.ge/cdn/shop/files/1-min-2024-04-12T141119.838_50x50.jpg?v=1712917013
Smart 4k ტელევიზორი Philips 70PUS8118/12 70 inch (177 სმ),"
      3,199 ლარი
      
",//isurve.ge/cdn/shop/files/1-min_fd51fa7d-b0ee-4c08-8002-737719e8d783_50x50.jpg?v=1712916453
Smart 4K ტელევიზორი SAMSUNG UE75CU8000UXRU 75 inch (191 სმ),"
      4,199 ლარი
      
",//isurve.ge/cdn/shop/files/1-min_4b250542-7fa3-49ca-b70f-03b6ec5b0687_50x50.jpg?v=1689862173
Smart Android 4k ტელევიზორი Beko B65M D 895 A 65 inch (165სმ),"
      1,599 ლარი
      
",//isurve.ge/cdn/shop/files/11-min_06a4029d-8fac-4372-9034-7d9f7995e288_50x50.jpg?v=1700907297
Smart Android 4K ტელევიზორი Panasonic TX-65MX700E 65 inch (165 სმ),"
      2,099 ლარი
      
",//isurve.ge/cdn/shop/files/1-min_8fd8566a-e146-4a47-825c-e77e5d87fec1_50x50.jpg?v=1710332065
Smart Android 4K ტელევიზორი Panasonic TX-50MX700E 50 inch (126 სმ),"1,399 ლარი",//isurve.ge/cdn/shop/files/1-min_5d52a247-1a8c-440a-911f-e3cffbff02e1_50x50.jpg?v=1710330020
Smart 4K Android ტელევიზორი Panasonic TX-43LX650E 43 inch (109 სმ),"1,249 ლარი",//isurve.ge/cdn/shop/files/1-min_d6a8d6e2-f202-475a-b3fc-4008ec552c4b_50x50.jpg?v=1710258871
ტელევიზორი Panasonic TX-32MS480E 32 inch (81 სმ),699 ლარი,//isurve.ge/cdn/shop/files/1-min_276e1a3f-57e6-4759-a001-3b2e34cca9b5_50x50.jpg?v=1710258059
Smart 4K Android ტელევიზორი TCL 65C645 QLED 65 inch (165სმ),"
      1,899 ლარი
      
",//isurve.ge/cdn/shop/files/1-min_07ce9507-65f4-48a3-a261-cf393b9e7c6a_50x50.jpg?v=1686596108
Smart 4k ტელევიზორი Samsung UE65CU8000UXRU 65 inch (165 სმ),"2,799 ლარი",//isurve.ge/cdn/shop/files/1-min_91351644-b6fa-4982-abab-6596544e4919_50x50.jpg?v=1693868475
Smart Android ტელევიზორი Beko B43M D 790 B 43 inch (108სმ),"
      899 ლარი
      
",//isurve.ge/cdn/shop/files/1-min_80421e5b-4b4c-45e5-9146-a064b9338d7e_50x50.jpg?v=1705064214
Smart Android 4K ტელევიზორი VOX 50VAU754B 50 inch (126სმ),"
      899 ლარი
      
",//isurve.ge/cdn/shop/files/11-min_46_90da851c-4b08-4605-b606-5b53a505f6ea_50x50.jpg?v=1700909361
Smart Android 4K ტელევიზორი Onvo OV65351 65 inch (165სმ),"
      1,349 ლარი
      
",//isurve.ge/cdn/shop/files/23-min_2_3dd27f2a-d625-4b6b-920f-c2d25c6ace2c_50x50.jpg?v=1707748131
Smart Android 4K ტელევიზორი Onvo OV55350 55 inch (140სმ),"
      999 ლარი
      
",//isurve.ge/cdn/shop/files/1-min_18_fc81a667-0217-4a99-b9f3-68d301942e68_50x50.jpg?v=1707747410
Smart Android ტელევიზორი Grundig 43 GGF 6900B 43 inch (109სმ),"
      849 ლარი
      
",//isurve.ge/cdn/shop/files/1-min_17_809ab36f-bc50-417b-ad34-a518c4f0b5a7_50x50.jpg?v=1707738830
Smart Android 4k ტელევიზორი Grundig 65 GGU 7900B 65 inch (164სმ),"1,799 ლარი",//isurve.ge/cdn/shop/files/1-min_b5a24591-ede8-4931-b49b-50ecc42bb2cc_50x50.jpg?v=1707734169
Smart Android 4K ტელევიზორი Beko B55M D 790 B 55 inch (139სმ),"
      1,099 ლარი
      
",//isurve.ge/cdn/shop/files/1-min_8ea2c68d-1903-4b27-9364-5d63efcf217e_50x50.jpg?v=1705068089
Smart 4k ტელევიზორი Samsung QE55S95BATXXH 55 inch (140სმ),"
      4,299 ლარი
      
",//isurve.ge/cdn/shop/files/1-min_309d2e38-2b32-434e-88bc-a3d4b7b6fe66_50x50.jpg?v=1703487836
Smart 4k ტელევიზორი Philips 65PUS7607/12 65 inch (164 სმ),"
      2,359 ლარი
      
",//isurve.ge/cdn/shop/files/1-min_b1333959-1893-4bbd-90e7-c440d727449f_50x50.jpg?v=1702996183
Smart Android 4k ტელევიზორი Philips 55PUS8007/12 55 inch (139 სმ),"
      1,799 ლარი
      
",//isurve.ge/cdn/shop/files/1-min_8a414582-912e-4645-9eea-968219b3d591_50x50.jpg?v=1702995797
Smart 4k ტელევიზორი Philips 55PUS7608/12 55 inch (126 სმ),"
      1,549 ლარი
      
",//isurve.ge/cdn/shop/files/1-min_a7d63f03-806f-4f8b-b314-2b6b661e2908_50x50.jpg?v=1702993072
Smart Android 4k ტელევიზორი Philips 50PUS8807/12 50 inch (126 სმ),"
      2,469 ლარი
      
",//isurve.ge/cdn/shop/files/1-min_ee72b2c7-c819-41c2-b130-cd6f9ecdc7a5_50x50.jpg?v=1702991480
Smart 4k ტელევიზორი Philips 50PUS8118/12 50 inch (126 სმ),"
      1,799 ლარი
      
",//isurve.ge/cdn/shop/files/1-min_49e62e3e-df60-4132-88ba-9b8d1d1b43eb_50x50.jpg?v=1702981622
Smart Android 4k ტელევიზორი Philips 50PUS7956/60 50 inch (126 სმ),"1,599 ლარი",//isurve.ge/cdn/shop/files/5-min_2c1c822c-62ad-48d1-b831-ae878a3e5b81_50x50.jpg?v=1702980412
Smart 4k ტელევიზორი Philips 50PUS7608/12 50 inch (126 სმ),"
      1,449 ლარი
      
",//isurve.ge/cdn/shop/files/1-min_18e086ed-f526-4c8a-a48d-18d05cb93d0d_50x50.jpg?v=1702978668
Smart 4k ტელევიზორი Philips 50PUS7607/12 50 inch (126 სმ),"
      1,399 ლარი
      
",//isurve.ge/cdn/shop/files/1-min_31bf12d7-59de-4540-a59d-7ed8d06bd7f7_50x50.jpg?v=1702977832
Smart Android 4k ტელევიზორი Philips 50PUS7406/60 50 inch (126 სმ),"1,499 ლარი",//isurve.ge/cdn/shop/files/1-min_ee346a7e-dae1-49e4-a014-9ba962777549_50x50.jpg?v=1702977036
Smart Android 4k ტელევიზორი Philips OLED Ambilight 48OLED807/12 48 inch (121 სმ),"
      3,899 ლარი
      
",//isurve.ge/cdn/shop/files/1-min_9eb64cbf-2b45-4430-851f-4b4a0087c28e_50x50.jpg?v=1702974440
Smart Android 4k ტელევიზორი Philips OLED Ambilight 48OLED707/12 48 inch (121 სმ),"
      3,199 ლარი
      
",//isurve.ge/cdn/shop/files/1-min_c38cdf52-355a-4d29-86f9-717c96b33ce4_50x50.jpg?v=1702905275
Smart Android 4k ტელევიზორი Philips OLED Ambilight 42OLED818/12 42 inch (106 სმ),"
      4,099 ლარი
      
",//isurve.ge/cdn/shop/files/1-min_ef302634-15f0-493f-a4be-8c479fe33bef_50x50.jpg?v=1702904539
Smart Android ტელევიზორი PHILIPS 32PFS6906/12 32 inch (81 სმ),"
      939 ლარი
      
",//isurve.ge/cdn/shop/files/6-min_9b691e26-63e0-4959-af12-7f1f9ac8107a_50x50.jpg?v=1702896453
Smart ტელევიზორი PHILIPS 32PFS6805/12 32 inch (81სმ),"
      769 ლარი
      
",//isurve.ge/cdn/shop/files/1-min_483878f4-18a9-43dd-8c0c-dff6e60677ea_50x50.jpg?v=1702893754
Smart 4K Android ტელევიზორი Vestel 55Q9700T 55 inch (140 სმ),"1,578 ლარი",//isurve.ge/cdn/shop/files/1-min_d9910110-4803-4d24-8458-6de6b93f63f5_50x50.jpg?v=1702285334
Smart 4K ტელევიზორი Sunny 55 SN55FIL252/0276 55 inch (140 სმ),"
      999 ლარი
      
",//isurve.ge/cdn/shop/files/1-min_002848b3-37e1-40c5-9288-25d4aadca5b8_50x50.jpg?v=1696862242
Smart Android 4K ტელევიზორი Grundig 65 GGU 8960 65 inch (164სმ),"
      2,099 ლარი
      
",//isurve.ge/cdn/shop/files/1-min_b3e7279e-5d8d-4946-8820-1000f21d9028_50x50.jpg?v=1701075592
Smart Android 4K ტელევიზორი Grundig 55 GGU 8960 55 inch (139სმ),"1,699 ლარი",//isurve.ge/cdn/shop/files/1-min_ba547006-00de-4ffc-a3be-ff8f895661f3_50x50.jpg?v=1701073495
Smart Android 4k ტელევიზორი Grundig 50 GGU 7900B 50 inch (126სმ),"
      1,199 ლარი
      
",//isurve.ge/cdn/shop/files/1-min_5fd3b9ed-ff93-4362-946d-75941577f63c_50x50.jpg?v=1701072267
Smart Android 4K ტელევიზორი Grundig 43 GFU 7800B 43 inch (108სმ),"
      999 ლარი
      
",//isurve.ge/cdn/shop/files/11-min_7bf5913b-c823-45cd-aa33-183e0260426a_50x50.jpg?v=1701031334
Smart 4K Android ტელევიზორი Vestel 55U9550T 55 inch (140 სმ),"1,365 ლარი",//isurve.ge/cdn/shop/files/1-min_4888a00e-8b58-4a13-aba0-664e1201d8f2_50x50.jpg?v=1697717731
Smart 4K ტელევიზორი Sunny 65 SN65FIL252 65 inch (165 სმ),"
      1,249 ლარი
      
",//isurve.ge/cdn/shop/files/1-min_7d216b0d-1f10-4bed-bf3b-bafbb8c8f55d_50x50.jpg?v=1696862558
Smart 4K ტელევიზორი Sunny 50 SN50FIL252/0276 50 inch (126 სმ),"
      899 ლარი
      
",//isurve.ge/cdn/shop/files/1-min_88182f69-cfcd-41e6-91a4-44571961eddd_50x50.jpg?v=1696861291
Smart 4K Android ტელევიზორი Vox 55VAU754B 55 inch (140 სმ),"
      999 ლარი
      
",//isurve.ge/cdn/shop/files/1-min_436974f7-24c0-4738-9d38-7ef69323e6c7_50x50.jpg?v=1696695705
Smart Android ტელევიზორი Grundig 40 GFF 6900B 40 inch (102სმ),"
      869 ლარი
      
",//isurve.ge/cdn/shop/products/1-min_ddb322a1-48bc-4942-843d-ec6449289e1a_50x50.jpg?v=1659435713
Smart Android 4K ტელევიზორი Vox 65A11U314B 65 inch (165 სმ),"
      1,449 ლარი
      
",//isurve.ge/cdn/shop/files/1-min_93e96300-f065-43e3-9ca1-e25266dc19d4_50x50.jpg?v=1685808571
ტელევიზორი VOX 32DSA314B 32 inch (81სმ),"
      319 ლარი
      
",//isurve.ge/cdn/shop/products/1-min_3a8a7dc4-18cd-4382-aa88-2ec90762cdb0_50x50.jpg?v=1657553596
Smart Android ტელევიზორი Metz 42MTC6000 42 inch (106 სმ),"
      899 ლარი
      
",//isurve.ge/cdn/shop/products/1-min_2be10d5e-4d32-4b49-8208-b0c8bcaa1033_50x50.jpg?v=1654951614
